{
  "name": "PID_v1_bc",
  "keywords": "PID, controller, signal",
  "description": "A PID controller seeks to keep some input variable close to a desired setpoint by adjusting an output. The way in which it does this can be 'tuned' by adjusting three parameters (P,I,D).",
  "url": "http://playground.arduino.cc/Code/PIDLibrary",
  "include": "PID_v1_bc",
  "authors":
  [
    {
      "name": "David Forrest"
    },
    {
      "name": "Brett Beauregard"
    }
  ],
  "repository":
  {
    "type": "git",
    "url": "git@github.com:drf5n/Arduino-PID-Library.git"
  },
  "frameworks": "arduino"
}
