Qty,Value,Device,Package,Parts,Description,CATEGORY,DESCRIPTION,HEIGHT,MANUFACTURER,MANUFACTURER_NAME,MANUFACTURER_PART_NUMBER,MOUSER_PART_NUMBER,MOUSER_PRICE-STOCK,MPN,OPERATING_TEMP,PART_STATUS,POPULARITY,ROHS_COMPLIANT,SERIES,SUB-CATEGORY,THERMALLOSS,TYPE,VOLTAGE_RATING
1,100n,C_CHIP-1206(3216-METRIC),CAPC3216X135,C1,"Capacitor - Generic",Capacitor,,,,,,,,,,,,,,,,,
1,MLX90614ESF-BAA-000-TU,MLX90614ESF-BAA-000-TU,MLX90614ESFBAA000TU,IC1,"Board Mount Temperature Sensors Digital, plug & play, infrared thermometer in a TO-can",,"Board Mount Temperature Sensors Digital"," plug & play"," infrared thermometer in a TO-can",4.25mm,,Melexis,MLX90614ESF-BAA-000-TU,482-90614ESFBAA000TU,https://www.mouser.co.uk/ProductDetail/Melexis/MLX90614ESF-BAA-000-TU?qs=KuGPmAKtFKVScNDmoJmFVw%3D%3D,,,,,,,,
3,MOUNT-HOLE3.2,MOUNT-HOLE3.2,"3,2","H2, H3, H4","MOUNTING HOLE with drill center marker",,,,,,,,,,,,7,,,,,,
1,PINHD-1X4,PINHD-1X4,1X04,OUT,"PIN HEADER",CONNECTOR,,,,,,,,,,,,,,PIN-HEADER,,,
1,PINHD-1X5,PINHD-1X5,1X05,BH1750,"PIN HEADER",CONNECTOR,,,,,,,,,,,,,,PIN-HEADER,,,
