Qty,Value,Device,Package,Parts,Description,MF,MPN,OC_FARNELL,OC_NEWARK,POPULARITY,TP_SIGNAL_NAME
5,22-23-2021,22-23-2021,22-23-2021,"NTC0, NTC1, NTC2, NTC3, NTC4"," (2.54mm) Center Header - 2 Pin",MOLEX,640456-2,1462926,25C3832,40,
3,22-23-2031,22-23-2031,22-23-2031,"DHT1, DHT2, DHT3"," (2.54mm) Center Header - 3 Pin",MOLEX,640456-3,1462950,30C0862,35,
5,22-23-2041,22-23-2041,22-23-2041,"I2C, PCOOL0, PCOOL1, PCOOL2, PCOOL3"," (2.54mm) Center Header - 4 Pin",MOLEX,640456-4,1462920,38C0355,21,
39,"PTR1B2,54","PTR1B2,54","B2,54","3V3, 5V, 5V1, 5V2, D0, D1, D2, GND, GND1, GND2, GND4, NTC+0, NTC+1, NTC+2, NTC+3, NTC+4, NTC-0, NTC-1, NTC-2, NTC-3, NTC-4, NTCR+, NTCR+1, NTCR+2, NTCR+3, NTCR-, NTCR-1, NTCR-2, NTCR-3, R+, R+1, R+2, R+3, R-, R-1, R-2, R-3, SCL, SDA","TEST PIN",,,,,0,
